{"cameraMode":{"drawMode":0,"name":"Shaded","section":"Shading Mode"},"sceneLighting":true,"audioPlay":false,"sceneViewState":{"showFog":true,"showMaterialUpdate":false,"showSkybox":true,"showFlares":true,"showImageEffects":true,"showParticleSystems":true,"showVisualEffectGraphs":true,"m_FxEnabled":true},"in2DMode":false,"pivot":{"x":0.20435786247253419,"y":-0.15268778800964356,"z":1.812455177307129},"rotation":{"x":-0.2079513967037201,"y":-0.18304696679115296,"z":0.03964858129620552,"w":-0.9600480198860169},"size":3.701965570449829,"orthographic":false}